{"cameraMode":{"drawMode":0,"name":"Shaded","section":"Shading Mode"},"sceneLighting":true,"audioPlay":false,"sceneViewState":{"m_AlwaysRefresh":false,"showFog":true,"showSkybox":true,"showFlares":true,"showImageEffects":true,"showParticleSystems":true,"showVisualEffectGraphs":true,"m_FxEnabled":true},"in2DMode":false,"pivot":{"x":4.139225959777832,"y":6.093212127685547,"z":25.245506286621095},"rotation":{"x":0.1339932531118393,"y":0.002972961636260152,"z":-0.0004021934582851827,"w":0.9909783005714417},"size":37.441856384277347,"orthographic":false}