{"cameraMode":{"drawMode":0,"name":"Shaded","section":"Shading Mode"},"sceneLighting":true,"audioPlay":false,"sceneViewState":{"m_AlwaysRefresh":false,"showFog":true,"showSkybox":true,"showFlares":true,"showImageEffects":true,"showParticleSystems":true,"showVisualEffectGraphs":true,"m_FxEnabled":true},"in2DMode":false,"pivot":{"x":-101.71348571777344,"y":29.342693328857423,"z":191.46640014648438},"rotation":{"x":0.015310375019907952,"y":0.9846897721290588,"z":-0.1220407485961914,"w":0.12353242188692093},"size":121.47112274169922,"orthographic":false}