{"cameraMode":{"drawMode":0,"name":"Shaded","section":"Shading Mode"},"sceneLighting":true,"audioPlay":false,"sceneViewState":{"m_AlwaysRefresh":false,"showFog":true,"showSkybox":true,"showFlares":true,"showImageEffects":true,"showParticleSystems":true,"showVisualEffectGraphs":true,"m_FxEnabled":true},"in2DMode":false,"pivot":{"x":8.450349807739258,"y":9.596020698547364,"z":2.0903003215789797},"rotation":{"x":0.020252497866749765,"y":-0.3801003396511078,"z":0.008324220776557923,"w":0.9246925711631775},"size":9.262124061584473,"orthographic":true}