{"cameraMode":{"drawMode":0,"name":"Shaded","section":"Shading Mode"},"sceneLighting":true,"audioPlay":false,"sceneViewState":{"m_AlwaysRefresh":false,"showFog":true,"showSkybox":true,"showFlares":true,"showImageEffects":true,"showParticleSystems":true,"showVisualEffectGraphs":true,"m_FxEnabled":true},"in2DMode":false,"pivot":{"x":9.041733741760254,"y":6.892531394958496,"z":11.817523956298829},"rotation":{"x":-0.012309340760111809,"y":-0.0024028734769672157,"z":0.000029534079658333212,"w":-0.9999212622642517},"size":13.254690170288086,"orthographic":false}