{"cameraMode":{"drawMode":0,"name":"Shaded","section":"Shading Mode"},"sceneLighting":true,"audioPlay":false,"sceneViewState":{"m_AlwaysRefresh":false,"showFog":true,"showSkybox":true,"showFlares":true,"showImageEffects":true,"showParticleSystems":true,"showVisualEffectGraphs":true,"m_FxEnabled":true},"in2DMode":false,"pivot":{"x":-5.224117279052734,"y":0.49836766719818118,"z":7.870426177978516},"rotation":{"x":0.07998490333557129,"y":-0.4238220155239105,"z":0.03760646656155586,"w":0.9014229774475098},"size":6.764821529388428,"orthographic":false}